{"id":8,"name":"Java Selenium (Data Driven)","dataDriven":true,"mergeCode":true,"type":"TestCase","language":"Java","languageExtension":".java","builtIn":true,"items":[{"id":82,"name":"TestCaseTemplateDataDriven","code":"package Tests;\r\n\r\n import Utilities.TestModeller.TestNGListener;\r\n import org.testng.annotations.Listeners;\r\n import org.testng.annotations.Test;\r\n import ie.curiositysoftware.RunResult.Entities.UseTestModellerId;\r\n\r\n @Listeners(TestNGListener.class)\r\n public class {{{TestCaseName}}} extends TestBase\r\n {\r\n \t// Region - Data Loader\r\n\r\n \t@BeforeClass(alwaysRun = true)\r\n \tpublic void loadDataSheet() throws IOException {\r\n \t\tRemoteDataParser.SetCurrentSheet(\"{{{TestCaseName}}}\");\r\n \t}\r\n\r\n \t//EndRegion - Data Loader\r\n\r\n \t//Region - Testcases\r\n\r\n \t//EndRegion - Testcases\r\n }","functionParameters":[],"templateId":8},{"id":83,"name":"TestCaseMethodTemplateDataDriven","code":"@Test  (groups= {{{{groups}}}})\r\n @UseTestModellerId(testModellerGuid = {{{test-guid}}})\r\n public void {{{TestName}}}()\r\n {\r\n\r\n \tString testName = \"{{{UnescapedTestName}}}\";\r\n\r\n \tfor (int i = 0; i < RemoteDataParser.GetNoIterations(testName); i++)\r\n \t{\r\n \t\t//Region - Test Logic\r\n\r\n \t\t//EndRegion - Test Logic\r\n \t}\r\n }","functionParameters":[],"templateId":8},{"id":84,"name":"DataParsingFunctionExpression","code":"RemoteDataParser.GetDataValue(testName, \"{{{ParameterValue}}}\", i)","functionParameters":[],"templateId":8}]}