{"id":100021,"name":"Java Selenium","mergeCode":true,"type":"TestCase","language":"Java","languageExtension":".java","builtIn":false,"items":[{"id":332,"name":"TestCaseTemplate","code":"package tests;\r\n\r\nimport reports.TestNGListener;\r\nimport ie.curiositysoftware.testmodeller.TestModellerPath;\r\nimport ie.curiositysoftware.testmodeller.TestModellerSuite;\r\nimport org.testng.annotations.Listeners;\r\nimport org.testng.annotations.Test;\r\nimport ie.curiositysoftware.allocation.dto.ResultMergeMethod;\r\nimport ie.curiositysoftware.allocation.dto.DataAllocationRow;\r\nimport reports.ExtentTestListener;\r\nimport ie.curiositysoftware.allocation.dto.DataAllocationResult;\r\nimport ie.curiositysoftware.allocation.engine.DataAllocation;\r\nimport utilities.testmodeller.TestModellerLogger;\r\n\r\n//{{{ModelURL}}}\r\n@Listeners(TestNGListener.class)\r\n@TestModellerSuite(id = {{{test-suite-id}}}, profileId = {{{test-profile-id}}})\r\npublic class {{{TestCaseName}}} extends TestBase\r\n{\r\n    //Region - Testcases\r\n\r\n    //EndRegion - Testcases\r\n}","functionParameters":[],"templateId":100021},{"id":333,"name":"TestCaseMethodTemplate","code":"    @Test  (groups= {{{{groups}}}})\r\n    @TestModellerPath(guid = {{{test-guid}}})\r\n    public void {{{TestName}}}()\r\n    {\r\n        //Region - Test Logic\r\n        //EndRegion - Test Logic\r\n    }","functionParameters":[],"templateId":100021},{"id":334,"name":"AllocateTagTemplate","code":"@DataAllocation(poolName = \"{{{AllocatePoolName}}}\", suiteName = \"{{{AllocateSuiteName}}}\", groups = {\"{{{AllocateGroupName}}}\"})","functionParameters":[],"templateId":100021},{"id":336,"name":"AllocateRetrieveDataValueTemplate","code":"dataRow.get(\"{{{AllocateColumnName}}}\").toString()","functionParameters":[],"templateId":100021},{"id":337,"name":"FunctionCallTemplate","code":"    TestModellerLogger.SetLastNodeGuid(\"{{{NodeGuid}}}\");\r\n    {{{CodeGenerationObjectVariableName}}}.{{{CodeGenerationFunctionName}}}({{{CodeGenerationFunctionParameters}}});\r\n    ","functionParameters":[],"templateId":100021},{"id":338,"name":"FunctionCallWithReturnTemplate","code":"    TestModellerLogger.SetLastNodeGuid(\"{{{NodeGuid}}}\");\r\n    {{{CodeGenObjectReturnType}}} {{{CodeGenFunctionReturnParamName}}} = {{{CodeGenerationObjectVariableName}}}.{{{CodeGenerationFunctionName}}}({{{CodeGenerationFunctionParameters}}});\r\n    ","functionParameters":[],"templateId":100021},{"id":369,"name":"TestCaseMethodAllocateTemplate","code":"    @Test  (groups= {{{{groups}}}})\r\n    @TestModellerPath(guid = {{{test-guid}}})\r\n    {{{AllocateTag}}}\r\n    public void {{{TestName}}}()\r\n    {\r\n        DataAllocationResult allocResult =  dataAllocationEngine.getDataResult(\"{{{AllocatePoolName}}}\", \"{{{AllocateSuiteName}}}\", \"{{{AllocateGroupName}}}\", ResultMergeMethod.MinimumProductLoopBack);\r\n    \r\n        for (DataAllocationRow dataRow : allocResult.getDataRows()) {\r\n            //Region - Test Logic\r\n            //EndRegion - Test Logic\r\n        }\r\n    }","functionParameters":[],"templateId":100021}]}