{"id":100021,"name":"Java Selenium (1)","dataDriven":false,"mergeCode":true,"type":"PageObject","language":"Java","languageExtension":".java","builtIn":false,"items":[{"id":332,"name":"PageObjectClassTemplate","code":"package pages;\r\n\r\nimport pages.BasePage;\r\nimport org.openqa.selenium.By;\r\nimport org.openqa.selenium.WebDriver;\r\nimport org.openqa.selenium.WebElement;\r\nimport org.openqa.selenium.support.ui.Select;\r\nimport org.openqa.selenium.interactions.Actions;\r\nimport org.testng.Assert;\r\nimport sun.reflect.generics.reflectiveObjects.NotImplementedException;\r\nimport ie.curiositysoftware.testmodeller.TestModellerModule;\r\nimport utilities.reports.ExtentReportManager;\r\nimport utilities.testmodeller.TestModellerLogger;\r\n\r\n// {{{ModuleUrl}}}\r\n@TestModellerModule(guid = \"{{{ModuleGuid}}}\")\r\npublic class {{{ModuleName}}} extends BasePage\r\n{\r\n\tpublic {{{ModuleName}}} (WebDriver driver)\r\n\t{\r\n\t\tsuper(driver);\r\n\t}\r\n\r\n\t//Region - Identifiers\r\n\r\n\t//EndRegion - Identifiers\r\n\r\n\t//Region - Methods\r\n\r\n\t//EndRegion - Method\r\n}","functionParameters":[],"templateId":100021},{"id":333,"name":"PageObjectdentifierTemplate_Id","code":"\tprivate By {{{ObjectName}}} = By.id(\"{{{ObjectIdentifier}}}\");\r\n","functionParameters":[],"templateId":100021},{"id":334,"name":"PageObjectdentifierTemplate_XPath","code":"\tprivate By {{{ObjectName}}} = By.xpath(\"{{{ObjectIdentifier}}}\");\r\n","functionParameters":[],"templateId":100021},{"id":335,"name":"PageObjectdentifierTemplate_TagName","code":"\tprivate By {{{ObjectName}}} = By.xpath(\"//{{{ObjectIdentifier}}}\");\r\n","functionParameters":[],"templateId":100021},{"id":336,"name":"PageObjectdentifierTemplate_ClassName","code":"\tprivate By {{{ObjectName}}} = By.xpath(\"//*[@class='{{{ObjectIdentifier}}}']\");\r\n","functionParameters":[],"templateId":100021},{"id":337,"name":"PageObjectdentifierTemplate_Name","code":"\tprivate By {{{ObjectName}}} = By.xpath(\"//*[@name='{{{ObjectIdentifier}}}']\");\r\n","functionParameters":[],"templateId":100021},{"id":338,"name":"PageObjectdentifierTemplate_LinkText","code":"\tprivate By {{{ObjectName}}} = By.xpath(\"//*[text()='{{{ObjectIdentifier}}}']\");\r\n","functionParameters":[],"templateId":100021},{"id":339,"name":"PageObjectdentifierTemplate_PartialLinkText","code":"\tprivate By {{{ObjectName}}} = By.xpath(\"//*[contains(text(),'{{{ObjectIdentifier}}}')]\");\r\n","functionParameters":[],"templateId":100021},{"id":340,"name":"PageObjectdentifierTemplate_AccesibilityId","code":"\tprivate By {{{ObjectName}}} = By.xpath(\"//*[@name='{{{ObjectIdentifier}}}']\");\r\n","functionParameters":[],"templateId":100021},{"id":341,"name":"TestCaseMethodTemplate_Url","code":"\tpublic void GoToUrl()\r\n\t{\r\n\t\tm_Driver.get(\"{{{url}}}\");\r\n\r\n\t\tExtentReportManager.passStepWithScreenshot(m_Driver, \"Go to URL\", \"Go to URL - {{{url}}}\");\r\n\t\t\r\n\t\tTestModellerLogger.PassStepWithScreenshot(m_Driver, \"Go to URL\", \"Go to URL - {{{url}}}\");\r\n\t}\r\n","functionParameters":[],"templateId":100021},{"id":342,"name":"TestCaseMethodTemplate_Documentation","code":"\t/**\r\n \t * {{{doc_description}}}\r\n     * @name {{{doc_function_name}}}\r\n //Region - DocumentationParameter\r\n //EndRegion - DocumentationParameter\r\n     */\r\n","functionParameters":[],"templateId":100021},{"id":343,"name":"TestCaseMethodTemplate_DocumentationParameter","code":"\t * @param {{{documentation_parameter_name}}} {{{documentation_parameter_type}}} {{{documentation_parameter_description}}}","functionParameters":[],"templateId":100021},{"id":344,"name":"TestCaseMethodTemplate_Unknown","functionParameters":[],"templateId":100021},{"id":345,"name":"TestCaseMethodTemplate_AssertUrl","code":"    //Region - MethodDocumentation\r\n     //EndRegion - MethodDocumentation\r\n   public void AssertUrl()\r\n    {\r\n        String currentUrl = m_Driver.getCurrentUrl();\r\n        String expectedUrl = \"{{{url}}}\";\r\n\r\n        if (!currentUrl.equals(\"{{{url}}}\")) {\r\n            Assert.fail(\"Expecting URL - \"  + expectedUrl + \" Found \" + currentUrl);\r\n        }\r\n    }\r\n","functionParameters":[],"templateId":100021},{"id":346,"name":"TestCaseMethodTemplate_Click","code":"    //Region - MethodDocumentation\n     //EndRegion - MethodDocumentation\n\tpublic void {{{FunctionName}}}()\n\t{\n        //EnterIframe\n\t\tWebElement elem = getWebElement({{{ObjectName}}});\n\n\t\tif (elem == null) {\n    \t\tExtentReportManager.failStepWithScreenshot(m_Driver, \"{{{FunctionName}}}\", \"{{{FunctionName}}} failed. Unable to locate object: \" + {{{ObjectName}}}.toString());\n\n    \t\tTestModellerLogger.FailStepWithScreenshot(m_Driver, \"{{{FunctionName}}}\", \"{{{FunctionName}}} failed. Unable to locate object: \" + {{{ObjectName}}}.toString());\n\n\t\t\tAssert.fail(\"Unable to locate object: \" + {{{ObjectName}}}.toString());\n        }\n\n\t\telem.click();\n        //LeaveIframe  \t\n\n\t\tExtentReportManager.passStep(m_Driver, \"{{{FunctionName}}}\");\n\n\t\tTestModellerLogger.PassStep(m_Driver, \"{{{FunctionName}}}\");\n\t}\n","functionParameters":[],"templateId":100021},{"id":347,"name":"TestCaseMethodTemplate_Select","code":"    //Region - MethodDocumentation\n    //EndRegion - MethodDocumentation\n    public void {{{FunctionName}}}(String {{{ParameterName}}})\n \t{\n \t    //EnterIframe\n \t\tWebElement elem = getWebElement({{{ObjectName}}});\n\n \t\tif (elem == null) {\n    \t\tExtentReportManager.failStepWithScreenshot(m_Driver, \"{{{FunctionName}}}\", \"{{{FunctionName}}} failed. Unable to locate object: \" + {{{ObjectName}}}.toString());\n\n    \t\tTestModellerLogger.FailStepWithScreenshot(m_Driver, \"{{{FunctionName}}}\", \"{{{FunctionName}}} failed. Unable to locate object: \" + {{{ObjectName}}}.toString());\n\n \t\t\tAssert.fail(\"Unable to locate object: \" + {{{ObjectName}}}.toString());\n         }\n\n \t\tSelect dropdown = new Select(elem);\n\n \t\tdropdown.selectByVisibleText({{{ParameterName}}});\n \t\t//LeaveIframe\n \t\t\n \t\tExtentReportManager.passStep(m_Driver, \"{{{FunctionName}}} \" + {{{ParameterName}}});\n\n \t\tTestModellerLogger.PassStep(m_Driver, \"{{{FunctionName}}} \" + {{{ParameterName}}});\n \t}\n","functionParameters":[],"templateId":100021},{"id":348,"name":"TestCaseMethodTemplate_SendKeys","code":"    //Region - MethodDocumentation\n      //EndRegion - MethodDocumentation\n \tpublic void {{{FunctionName}}}(String {{{ParameterName}}})\n \t{\n \t    //EnterIframe\n \t\tWebElement elem = getWebElement({{{ObjectName}}});\n\n \t\tif (elem == null) {\n    \t\tExtentReportManager.failStepWithScreenshot(m_Driver, \"{{{FunctionName}}}\", \"{{{FunctionName}}} failed. Unable to locate object: \" + {{{ObjectName}}}.toString());\n\n    \t\tTestModellerLogger.FailStepWithScreenshot(m_Driver, \"{{{FunctionName}}}\", \"{{{FunctionName}}} failed. Unable to locate object: \" + {{{ObjectName}}}.toString());\n\n \t\t\tAssert.fail(\"Unable to locate object: \" + {{{ObjectName}}}.toString());\n         }\n\n \t\telem.sendKeys({{{ParameterName}}});\n \t\t//LeaveIframe\n \t\t\n  \t\tExtentReportManager.passStep(m_Driver, \"{{{FunctionName}}} \" + {{{ParameterName}}});\n\n  \t\tTestModellerLogger.PassStep(m_Driver, \"{{{FunctionName}}} \" + {{{ParameterName}}});\n \t}\n","functionParameters":[],"templateId":100021},{"id":349,"name":"TestCaseMethodTemplate_AssertExists","code":"    //Region - MethodDocumentation\n     //EndRegion - MethodDocumentation\n\tpublic void {{{FunctionName}}}()\n\t{\n\t    //EnterIframe\n\t\tWebElement elem = getWebElement({{{ObjectName}}});\n\n\t\tif (elem == null) {\n\t\t\tAssert.fail(\"Unable to locate object: \" + {{{ObjectName}}}.toString());\n        }\n        //LeaveIframe\n\t}\n","functionParameters":[],"templateId":100021},{"id":350,"name":"TestCaseMethodTemplate_NotImplemented_Click","code":"\tpublic void {{{FunctionName}}}()\r\n\t{\r\n\t\tthrow new NotImplementedException()\r\n\t}\r\n","functionParameters":[],"templateId":100021},{"id":351,"name":"TestCaseMethodTemplate_NotImplemented_AssertExists","code":"\tpublic void {{{FunctionName}}}()\r\n\t{\r\n\t\tthrow new NotImplementedException()\r\n\t}\r\n","functionParameters":[],"templateId":100021},{"id":352,"name":"TestCaseMethodTemplate_NotImplemented_Select","code":"\tpublic void {{{FunctionName}}}(String OptionText)\r\n\t{\r\n\t\tthrow new NotImplementedException()\r\n\t}\r\n","functionParameters":[],"templateId":100021},{"id":353,"name":"TestCaseMethodTemplate_NotImplemented_SendKeys","code":"\tpublic void {{{FunctionName}}}(String value)\r\n\t{\r\n\t\tthrow new NotImplementedException()\r\n\t}\r\n","functionParameters":[],"templateId":100021},{"id":354,"name":"TestCaseMethodTemplate_CustomType","code":"    //Region - MethodDocumentation\r\n    //EndRegion - MethodDocumentation\r\n\tpublic void {{{FunctionName}}}()\r\n\t{\r\n\t    //EnterIframe\r\n\t\tWebElement elem = getWebElement({{{ObjectName}}});\r\n\r\n\t\tif (elem == null) {\r\n\t\t\tAssert.fail(\"Unable to locate object: \" + {{{ObjectName}}}.toString());\r\n        }\r\n\r\n        Actions builder = new Actions(m_Driver);\r\n\r\n        builder.moveToElement(elem).build().perform();\r\n        //LeaveIframe\r\n\t}\r\n\t","functionName":"Hover","functionParameters":[],"templateId":100021},{"id":387,"name":"TestCaseMethodTemplate_IFrameEnter","code":"\t\tm_Driver.switchTo().frame(getWebElement(By.xpath(\"{{{iframe_xpath}}}\")));\n","functionParameters":[],"templateId":100021},{"id":388,"name":"TestCaseMethodTemplate_IFrameLeave","code":"\t\tm_Driver.switchTo().defaultContent();\r\n","functionParameters":[],"templateId":100021},{"id":389,"name":"TestCaseMethodShadowDomTemplate_Click","code":"    //Region - MethodDocumentation\r\n    //EndRegion - MethodDocumentation\r\n    public void {{{FunctionName}}}()\r\n\t{\r\n\t    //EnterIframe\r\n\t    WebElement elem = expandShadowRoots(Arrays.asList(new By[] { {{{ShadowRootList}}} }));\r\n\r\n        elem = elem.findElement({{{ObjectName}}});\r\n\r\n\t\tif (elem == null) {\r\n    \t\tExtentReportManager.failStepWithScreenshot(m_Driver, \"{{{FunctionName}}}\", \"{{{FunctionName}}} failed. Unable to locate object: \" + {{{ObjectName}}}.toString());\r\n\r\n    \t\tTestModellerLogger.FailStepWithScreenshot(m_Driver, \"{{{FunctionName}}}\", \"{{{FunctionName}}} failed. Unable to locate object: \" + {{{ObjectName}}}.toString());\r\n\r\n\t\t\tAssert.fail(\"Unable to locate object: \" + {{{ObjectName}}}.toString());\r\n        }\r\n\r\n\t\telem.click();\r\n\t\t//LeaveIframe\r\n\t\t\r\n\t\tExtentReportManager.passStep(m_Driver, \"{{{FunctionName}}}\");\r\n\r\n\t\tTestModellerLogger.PassStep(m_Driver, \"{{{FunctionName}}}\");\r\n\t}\r\n","functionParameters":[],"templateId":100021},{"id":390,"name":"TestCaseMethodShadowDomTemplate_Select","code":"    //Region - MethodDocumentation\r\n    //EndRegion - MethodDocumentation\r\n     public void {{{FunctionName}}}(String {{{ParameterName}}})\r\n\t{\r\n\t    //EnterIframe\r\n\t    WebElement elem = expandShadowRoots(Arrays.asList(new By[] { {{{ShadowRootList}}} }));\r\n\r\n        elem = elem.findElement({{{ObjectName}}});\r\n\r\n \t\tif (elem == null) {\r\n    \t\tExtentReportManager.failStepWithScreenshot(m_Driver, \"{{{FunctionName}}}\", \"{{{FunctionName}}} failed. Unable to locate object: \" + {{{ObjectName}}}.toString());\r\n\r\n    \t\tTestModellerLogger.FailStepWithScreenshot(m_Driver, \"{{{FunctionName}}}\", \"{{{FunctionName}}} failed. Unable to locate object: \" + {{{ObjectName}}}.toString());\r\n\r\n \t\t\tAssert.fail(\"Unable to locate object: \" + {{{ObjectName}}}.toString());\r\n         }\r\n\r\n \t\tSelect dropdown = new Select(elem);\r\n\r\n \t\tdropdown.selectByVisibleText({{{ParameterName}}});\r\n \t\t//LeaveIframe\r\n \t\t\r\n\t\tExtentReportManager.passStep(m_Driver, \"{{{FunctionName}}}\");\r\n\r\n\t\tTestModellerLogger.PassStep(m_Driver, \"{{{FunctionName}}}\"); \t\t\r\n\t}\r\n","functionParameters":[],"templateId":100021},{"id":391,"name":"TestCaseMethodShadowDomTemplate_SendKeys","code":"    //Region - MethodDocumentation\r\n    //EndRegion - MethodDocumentation\r\n \tpublic void {{{FunctionName}}}(String {{{ParameterName}}})\r\n\t{\r\n\t    //EnterIframe\r\n\t    WebElement elem = expandShadowRoots(Arrays.asList(new By[] { {{{ShadowRootList}}} }));\r\n\r\n        elem = elem.findElement({{{ObjectName}}});\r\n\r\n \t\tif (elem == null) {\r\n    \t\tExtentReportManager.failStepWithScreenshot(m_Driver, \"{{{FunctionName}}}\", \"{{{FunctionName}}} failed. Unable to locate object: \" + {{{ObjectName}}}.toString());\r\n\r\n    \t\tTestModellerLogger.FailStepWithScreenshot(m_Driver, \"{{{FunctionName}}}\", \"{{{FunctionName}}} failed. Unable to locate object: \" + {{{ObjectName}}}.toString());\r\n\r\n \t\t\tAssert.fail(\"Unable to locate object: \" + {{{ObjectName}}}.toString());\r\n         }\r\n\r\n \t\telem.sendKeys({{{ParameterName}}});\r\n \t\t//LeaveIframe\r\n \t\t\r\n\t\tExtentReportManager.passStep(m_Driver, \"{{{FunctionName}}}\");\r\n\r\n\t\tTestModellerLogger.PassStep(m_Driver, \"{{{FunctionName}}}\"); \t\t\r\n\t}\r\n","functionParameters":[],"templateId":100021},{"id":392,"name":"TestCaseMethodShadowDomTemplate_AssertExists","code":"    //Region - MethodDocumentation\r\n    //EndRegion - MethodDocumentation\r\n\tpublic void {{{FunctionName}}}()\r\n\t{\r\n\t    //EnterIframe\r\n\t    WebElement elem = expandShadowRoots(Arrays.asList(new By[] { {{{ShadowRootList}}} }));\r\n\r\n        elem = elem.findElement({{{ObjectName}}});\r\n\r\n\t\tif (elem == null) {\r\n    \t\tExtentReportManager.failStepWithScreenshot(m_Driver, \"{{{FunctionName}}}\", \"{{{FunctionName}}} failed. Unable to locate object: \" + {{{ObjectName}}}.toString());\r\n\r\n    \t\tTestModellerLogger.FailStepWithScreenshot(m_Driver, \"{{{FunctionName}}}\", \"{{{FunctionName}}} failed. Unable to locate object: \" + {{{ObjectName}}}.toString());\r\n\t\t    \r\n\t\t\tAssert.fail(\"Unable to locate object: \" + {{{ObjectName}}}.toString());\r\n        }\r\n        //LeaveIframe\r\n        \r\n\t\tExtentReportManager.passStep(m_Driver, \"{{{FunctionName}}}\");\r\n\r\n\t\tTestModellerLogger.PassStep(m_Driver, \"{{{FunctionName}}}\");        \r\n\t}\r\n","functionParameters":[],"templateId":100021},{"id":393,"name":"PageObjectdentifierTemplate_CSSSelector","code":"\tprivate By {{{ObjectName}}} = By.cssSelector(\"{{{ObjectIdentifier}}}\");\r\n","functionParameters":[],"templateId":100021}]}